experiment_name,method_name,response_window,delivery_window_extension,resource_count,order_density_ratio,acceptance_rate,acceptance_rate_gap_to_0_80,on_time_rate,on_time_rate_gap_to_0_50,late_orders,average_lateness,max_lateness,total_energy_consumption,total_flight_distance,hard_constraint_violations,reached_80_acceptance,reached_50_on_time,reached_both_targets,recommendation
response_window_original,raw_baseline,original,0.0,1,1.0,0.5244444444444445,0.27555555555555555,0.3241525423728814,0.17584745762711862,319,12.837166596299626,35.93654589246437,112.03286860151536,1650.194940149784,0,False,False,False,below_target
response_window_original,v2_repair_only,original,0.0,1,1.0,0.5044444444444445,0.29555555555555557,0.3039647577092511,0.19603524229074892,316,13.033510471243794,51.748750867173094,115.02219730373844,1723.6084504143723,0,False,False,False,below_target
response_window_original,oracle_best_acceptance,original,0.0,1,1.0,0.5788888888888889,0.22111111111111115,0.31094049904030713,0.18905950095969287,359,38.60931237442669,127.04264609392843,137.38717368858028,2242.234654136002,0,False,False,False,below_target
response_window_original,oracle_best_on_time,original,0.0,1,1.0,0.5733333333333334,0.22666666666666668,0.34108527131782945,0.15891472868217055,340,26.524330685990908,74.60597936196625,125.60425232012611,1997.479966275394,0,False,False,False,below_target
response_window_original,tail_risk_constrained_joint_beam,original,0.0,1,1.0,0.5244444444444445,0.27555555555555555,0.3241525423728814,0.17584745762711862,319,12.837166596299626,35.93654589246437,112.03286860151536,1650.194940149784,0,False,False,False,anchor_locked_safety_reference
response_window_1.0,raw_baseline,1.0,0.0,1,1.0,0.5244444444444445,0.27555555555555555,0.3241525423728814,0.17584745762711862,319,12.750331377114895,35.93654589246437,112.60632857704644,1647.7363013327122,0,False,False,False,below_target
response_window_1.0,v2_repair_only,1.0,0.0,1,1.0,0.5155555555555555,0.2844444444444445,0.32112068965517243,0.17887931034482757,315,13.043706081666272,47.40408944026933,114.23536100449142,1690.0544421076775,0,False,False,False,below_target
response_window_1.0,oracle_best_acceptance,1.0,0.0,1,1.0,0.6188888888888889,0.1811111111111111,0.3213644524236984,0.17863554757630162,378,47.11359388736073,154.53826290406496,159.72692736813158,2591.8484092205763,0,False,False,False,below_target
response_window_1.0,oracle_best_on_time,1.0,0.0,1,1.0,0.6277777777777778,0.17222222222222228,0.31327433628318585,0.18672566371681415,388,29.453111696998082,91.65537274645918,139.86841902250504,2153.9791490510106,0,False,False,False,below_target
response_window_1.0,tail_risk_constrained_joint_beam,1.0,0.0,1,1.0,0.5244444444444445,0.27555555555555555,0.3241525423728814,0.17584745762711862,319,12.750331377114895,35.93654589246437,112.60632857704644,1647.7363013327122,0,False,False,False,anchor_locked_safety_reference
response_window_2.0,raw_baseline,2.0,0.0,1,1.0,0.5388888888888889,0.2611111111111112,0.3134020618556701,0.1865979381443299,333,12.618236175720176,35.952108588192914,113.36410173735237,1649.4634743796119,0,False,False,False,below_target
response_window_2.0,v2_repair_only,2.0,0.0,1,1.0,0.54,0.26,0.3683127572016461,0.13168724279835392,307,12.956748511781882,36.20399672025158,110.77334635909541,1627.2795365873963,0,False,False,False,below_target
response_window_2.0,oracle_best_acceptance,2.0,0.0,1,1.0,0.7822222222222223,0.01777777777777778,0.29829545454545453,0.20170454545454547,494,61.00625385707743,154.53826290406496,212.4927342792294,3421.544582361115,0,False,False,False,below_target
response_window_2.0,oracle_best_on_time,2.0,0.0,1,1.0,0.7544444444444445,0.04555555555555557,0.2709867452135493,0.22901325478645068,495,34.0383880775561,113.5095911324588,175.6482509478034,2576.605925410986,2,False,False,False,invalid_hard_constraint_violation
response_window_2.0,tail_risk_constrained_joint_beam,2.0,0.0,1,1.0,0.5388888888888889,0.2611111111111112,0.3134020618556701,0.1865979381443299,333,12.618236175720176,35.952108588192914,113.36410173735237,1649.4634743796119,0,False,False,False,anchor_locked_safety_reference
response_window_3.0,raw_baseline,3.0,0.0,1,1.0,0.5677777777777778,0.23222222222222222,0.3424657534246575,0.15753424657534248,336,13.332445113426214,35.82128278325279,118.76933300223959,1716.846345807876,0,False,False,False,below_target
response_window_3.0,v2_repair_only,3.0,0.0,1,1.0,0.5644444444444444,0.23555555555555563,0.3779527559055118,0.1220472440944882,316,13.542629826442376,37.1676924981272,118.82094142983738,1737.6072416321763,0,False,False,False,below_target
response_window_3.0,oracle_best_acceptance,3.0,0.0,1,1.0,0.8666666666666667,-0.06666666666666665,0.29102564102564105,0.20897435897435895,553,76.08785878874217,211.6147602977291,258.30820337934915,4165.153496512903,0,True,False,False,acceptance_target_only
response_window_3.0,oracle_best_on_time,3.0,0.0,1,1.0,0.8633333333333333,-0.06333333333333324,0.24581724581724582,0.25418275418275416,586,36.30235398445134,101.2229410498547,197.73280400974218,2846.220946058631,6,True,False,False,invalid_hard_constraint_violation
response_window_3.0,tail_risk_constrained_joint_beam,3.0,0.0,1,1.0,0.5677777777777778,0.23222222222222222,0.3424657534246575,0.15753424657534248,336,13.332445113426214,35.82128278325279,118.76933300223959,1716.846345807876,0,False,False,False,anchor_locked_safety_reference
response_window_4.0,raw_baseline,4.0,0.0,1,1.0,0.59,0.21000000000000008,0.3314500941619586,0.16854990583804141,355,13.05536655212396,43.811181446558884,124.0533065150438,1793.666822074882,0,False,False,False,below_target
response_window_4.0,v2_repair_only,4.0,0.0,1,1.0,0.5811111111111111,0.2188888888888889,0.372848948374761,0.127151051625239,328,13.952718567823952,47.05920568425928,125.0861096610892,1808.2401498556137,0,False,False,False,below_target
response_window_4.0,oracle_best_acceptance,4.0,0.0,1,1.0,0.9211111111111111,-0.12111111111111106,0.2798552472858866,0.22014475271411338,597,85.40627798352988,232.16747369474217,289.0326983177268,4630.104243108763,0,True,False,False,acceptance_target_only
response_window_4.0,oracle_best_on_time,4.0,0.0,1,1.0,0.9177777777777778,-0.11777777777777776,0.22518159806295399,0.274818401937046,640,39.63992334580305,136.77838646680428,217.09993000550043,3070.693097703159,6,True,False,False,invalid_hard_constraint_violation
response_window_4.0,tail_risk_constrained_joint_beam,4.0,0.0,1,1.0,0.59,0.21000000000000008,0.3314500941619586,0.16854990583804141,355,13.05536655212396,43.811181446558884,124.0533065150438,1793.666822074882,0,False,False,False,anchor_locked_safety_reference
response_window_5.0,raw_baseline,5.0,0.0,1,1.0,0.6022222222222222,0.19777777777777783,0.33948339483394835,0.16051660516605165,358,13.041834648165315,41.07310244554492,122.990215170696,1777.2592678773065,0,False,False,False,below_target
response_window_5.0,v2_repair_only,5.0,0.0,1,1.0,0.5888888888888889,0.21111111111111114,0.34150943396226413,0.15849056603773587,349,13.933319775772947,43.71297567492405,126.10401361858949,1807.767287582159,0,False,False,False,below_target
response_window_5.0,oracle_best_acceptance,5.0,0.0,1,1.0,0.9644444444444444,-0.1644444444444444,0.2695852534562212,0.2304147465437788,634,85.99367881962709,228.14649210298393,294.767422941965,4743.374039836228,0,True,False,False,acceptance_target_only
response_window_5.0,oracle_best_on_time,5.0,0.0,1,1.0,0.9555555555555556,-0.15555555555555556,0.21395348837209302,0.28604651162790695,676,40.951802143464874,136.77838646680428,222.17119746467998,3121.492776878178,4,True,False,False,invalid_hard_constraint_violation
response_window_5.0,tail_risk_constrained_joint_beam,5.0,0.0,1,1.0,0.6022222222222222,0.19777777777777783,0.33948339483394835,0.16051660516605165,358,13.041834648165315,41.07310244554492,122.990215170696,1777.2592678773065,0,False,False,False,anchor_locked_safety_reference
response_window_8.0,raw_baseline,8.0,0.0,1,1.0,0.6066666666666667,0.19333333333333336,0.32783882783882784,0.17216117216117216,367,13.11429295951538,38.92009900114254,124.2179766825019,1790.257450002696,0,False,False,False,below_target
response_window_8.0,v2_repair_only,8.0,0.0,1,1.0,0.6,0.20000000000000007,0.3685185185185185,0.13148148148148148,341,13.865603836997895,51.39000578857245,125.4184628414727,1801.5718888316542,0,False,False,False,below_target
response_window_8.0,oracle_best_acceptance,8.0,0.0,1,1.0,0.9977777777777778,-0.19777777777777772,0.2650334075723831,0.23496659242761692,660,92.30316363810157,232.38391556670214,314.66054425576993,5107.620818311108,0,True,False,False,acceptance_target_only
response_window_8.0,oracle_best_on_time,8.0,0.0,1,1.0,1.0,-0.19999999999999996,0.20333333333333334,0.29666666666666663,717,41.96974042798543,136.77838646680428,234.28225702627316,3286.922186344862,4,True,False,False,invalid_hard_constraint_violation
response_window_8.0,tail_risk_constrained_joint_beam,8.0,0.0,1,1.0,0.6066666666666667,0.19333333333333336,0.32783882783882784,0.17216117216117216,367,13.11429295951538,38.92009900114254,124.2179766825019,1790.257450002696,0,False,False,False,anchor_locked_safety_reference
response_window_10.0,raw_baseline,10.0,0.0,1,1.0,0.61,0.19000000000000006,0.33879781420765026,0.16120218579234974,363,13.061042566121033,38.92009900114254,122.75499390191855,1771.090833823647,0,False,False,False,below_target
response_window_10.0,v2_repair_only,10.0,0.0,1,1.0,0.6011111111111112,0.1988888888888889,0.37153419593345655,0.12846580406654345,340,13.71211877093814,51.39000578857245,125.4548582215035,1804.0883597407728,0,False,False,False,below_target
response_window_10.0,oracle_best_acceptance,10.0,0.0,1,1.0,0.9988888888888889,-0.1988888888888889,0.26696329254727474,0.23303670745272526,659,90.05402362746605,232.38391556670214,307.67985062255985,4982.620558509363,0,True,False,False,acceptance_target_only
response_window_10.0,oracle_best_on_time,10.0,0.0,1,1.0,1.0,-0.19999999999999996,0.20333333333333334,0.29666666666666663,717,41.96974042798543,136.77838646680428,234.28225702627316,3286.922186344862,4,True,False,False,invalid_hard_constraint_violation
response_window_10.0,tail_risk_constrained_joint_beam,10.0,0.0,1,1.0,0.61,0.19000000000000006,0.33879781420765026,0.16120218579234974,363,13.061042566121033,38.92009900114254,122.75499390191855,1771.090833823647,0,False,False,False,anchor_locked_safety_reference
delivery_window_original,raw_baseline,original,0.0,1,1.0,0.5244444444444445,0.27555555555555555,0.3241525423728814,0.17584745762711862,319,12.837166596299626,35.93654589246437,112.03286860151536,1650.194940149784,0,False,False,False,below_target
delivery_window_original,v2_repair_only,original,0.0,1,1.0,0.5044444444444445,0.29555555555555557,0.3039647577092511,0.19603524229074892,316,13.033510471243794,51.748750867173094,115.02219730373844,1723.6084504143723,0,False,False,False,below_target
delivery_window_original,oracle_best_acceptance,original,0.0,1,1.0,0.5788888888888889,0.22111111111111115,0.31094049904030713,0.18905950095969287,359,39.06304242876228,127.04264609392843,138.82141825420436,2263.53368229419,0,False,False,False,below_target
delivery_window_original,oracle_best_on_time,original,0.0,1,1.0,0.5733333333333334,0.22666666666666668,0.34108527131782945,0.15891472868217055,340,26.524330685990908,74.60597936196625,125.60425232012611,1997.479966275394,0,False,False,False,below_target
delivery_window_original,tail_risk_constrained_joint_beam,original,0.0,1,1.0,0.5244444444444445,0.27555555555555555,0.3241525423728814,0.17584745762711862,319,12.837166596299626,35.93654589246437,112.03286860151536,1650.194940149784,0,False,False,False,anchor_locked_safety_reference
delivery_window_plus_1.0,raw_baseline,original,1.0,1,1.0,0.5133333333333333,0.28666666666666674,0.34415584415584416,0.15584415584415584,303,11.954804814360624,39.40155554151371,109.22325048867735,1607.05419588089,0,False,False,False,below_target
delivery_window_plus_1.0,v2_repair_only,original,1.0,1,1.0,0.5022222222222222,0.2977777777777778,0.34292035398230086,0.15707964601769914,297,12.812615633167619,49.215159508360664,110.80973150829809,1656.6749457882174,0,False,False,False,below_target
delivery_window_plus_1.0,oracle_best_acceptance,original,1.0,1,1.0,0.5955555555555555,0.20444444444444454,0.34701492537313433,0.15298507462686567,350,37.04875556916318,113.93200161625458,142.73536760241905,2302.4487516209483,0,False,False,False,below_target
delivery_window_plus_1.0,oracle_best_on_time,original,1.0,1,1.0,0.5666666666666667,0.2333333333333334,0.37254901960784315,0.12745098039215685,320,25.326218544179124,79.45249380943525,124.29082662336852,1977.0695868954062,0,False,False,False,below_target
delivery_window_plus_1.0,tail_risk_constrained_joint_beam,original,1.0,1,1.0,0.5133333333333333,0.28666666666666674,0.34415584415584416,0.15584415584415584,303,11.954804814360624,39.40155554151371,109.22325048867735,1607.05419588089,0,False,False,False,anchor_locked_safety_reference
delivery_window_plus_2.0,raw_baseline,original,2.0,1,1.0,0.5144444444444445,0.28555555555555556,0.3779697624190065,0.12203023758099352,288,11.673427384990964,32.34310452823001,109.20888241848311,1607.8738131523132,0,False,False,False,below_target
delivery_window_plus_2.0,v2_repair_only,original,2.0,1,1.0,0.5022222222222222,0.2977777777777778,0.3805309734513274,0.11946902654867259,280,12.246956718199646,42.524615547687745,109.86027969050161,1638.6728686988354,0,False,False,False,below_target
delivery_window_plus_2.0,oracle_best_acceptance,original,2.0,1,1.0,0.5777777777777777,0.22222222222222232,0.38846153846153847,0.11153846153846153,318,35.85298979545028,116.13047908309002,140.08614122293332,2266.479505993426,0,False,False,False,below_target
delivery_window_plus_2.0,oracle_best_on_time,original,2.0,1,1.0,0.5611111111111111,0.23888888888888893,0.403960396039604,0.09603960396039601,301,24.745315480171712,91.41309597410815,124.775883032886,1981.178744725883,0,False,False,False,below_target
delivery_window_plus_2.0,tail_risk_constrained_joint_beam,original,2.0,1,1.0,0.5144444444444445,0.28555555555555556,0.3779697624190065,0.12203023758099352,288,11.673427384990964,32.34310452823001,109.20888241848311,1607.8738131523132,0,False,False,False,anchor_locked_safety_reference
delivery_window_plus_3.0,raw_baseline,original,3.0,1,1.0,0.5122222222222222,0.2877777777777778,0.40997830802603036,0.09002169197396964,272,11.398348181010832,31.34310357455569,109.4651877930043,1613.3227962255478,0,False,False,False,below_target
delivery_window_plus_3.0,v2_repair_only,original,3.0,1,1.0,0.5033333333333333,0.29666666666666675,0.4304635761589404,0.06953642384105962,258,12.345045499116996,41.85847753975472,109.48541566100685,1637.23011441691,0,False,False,False,below_target
delivery_window_plus_3.0,oracle_best_acceptance,original,3.0,1,1.0,0.5877777777777777,0.2122222222222223,0.42722117202268434,0.07277882797731566,303,30.596477667339876,93.6360029340166,130.3537357376956,2078.2489958181977,0,False,False,False,below_target
delivery_window_plus_3.0,oracle_best_on_time,original,3.0,1,1.0,0.5433333333333333,0.2566666666666667,0.4560327198364008,0.04396728016359919,266,23.96766908836646,81.25966239184879,127.96134074616592,2021.8285756334662,0,False,False,False,below_target
delivery_window_plus_3.0,tail_risk_constrained_joint_beam,original,3.0,1,1.0,0.5122222222222222,0.2877777777777778,0.40997830802603036,0.09002169197396964,272,11.398348181010832,31.34310357455569,109.4651877930043,1613.3227962255478,0,False,False,False,anchor_locked_safety_reference
delivery_window_plus_4.0,raw_baseline,original,4.0,1,1.0,0.5133333333333333,0.28666666666666674,0.45454545454545453,0.04545454545454547,252,11.308547357029957,30.34310357455569,109.55060187455348,1620.5960665941238,0,False,False,False,below_target
delivery_window_plus_4.0,v2_repair_only,original,4.0,1,1.0,0.5077777777777778,0.29222222222222227,0.4551422319474836,0.0448577680525164,249,11.799301095086406,37.432468585763324,108.67354731909151,1613.8005089627036,0,False,False,False,below_target
delivery_window_plus_4.0,oracle_best_acceptance,original,4.0,1,1.0,0.5933333333333334,0.20666666666666667,0.4550561797752809,0.0449438202247191,291,28.93436269964026,108.78282538523823,134.2980001190044,2141.558844342828,0,False,False,False,below_target
delivery_window_plus_4.0,oracle_best_on_time,original,4.0,1,1.0,0.5411111111111111,0.25888888888888895,0.4784394250513347,0.021560574948665312,254,24.260011384410024,68.49058265314156,127.32224298934793,2020.8902200907469,0,False,False,False,below_target
delivery_window_plus_4.0,tail_risk_constrained_joint_beam,original,4.0,1,1.0,0.5133333333333333,0.28666666666666674,0.45454545454545453,0.04545454545454547,252,11.308547357029957,30.34310357455569,109.55060187455348,1620.5960665941238,0,False,False,False,anchor_locked_safety_reference
delivery_window_plus_5.0,raw_baseline,original,5.0,1,1.0,0.5144444444444445,0.28555555555555556,0.47300215982721383,0.02699784017278617,244,10.764999986357065,29.34310357455569,109.56169253280225,1609.1449765861034,0,False,False,False,below_target
delivery_window_plus_5.0,v2_repair_only,original,5.0,1,1.0,0.5066666666666667,0.29333333333333333,0.4934210526315789,0.006578947368421073,231,11.097426303206321,31.402141531623535,106.67773301005624,1572.9003475622662,0,False,False,False,below_target
delivery_window_plus_5.0,oracle_best_acceptance,original,5.0,1,1.0,0.6055555555555555,0.19444444444444453,0.47706422018348627,0.022935779816513735,285,29.330652484442027,108.88122666404638,141.7943307996813,2243.046228669584,0,False,False,False,below_target
delivery_window_plus_5.0,oracle_best_on_time,original,5.0,1,1.0,0.5566666666666666,0.2433333333333334,0.5029940119760479,-0.0029940119760478723,249,23.76315397074497,70.0736818141171,132.15272923830128,2075.7244380638003,0,False,True,False,on_time_target_only
delivery_window_plus_5.0,tail_risk_constrained_joint_beam,original,5.0,1,1.0,0.5144444444444445,0.28555555555555556,0.47300215982721383,0.02699784017278617,244,10.764999986357065,29.34310357455569,109.56169253280225,1609.1449765861034,0,False,False,False,anchor_locked_safety_reference
delivery_window_plus_8.0,raw_baseline,original,8.0,1,1.0,0.5122222222222222,0.2877777777777778,0.5553145336225597,-0.05531453362255967,205,9.51787238865887,26.787632485716344,109.70836184457903,1609.353744879365,0,False,True,False,on_time_target_only
delivery_window_plus_8.0,v2_repair_only,original,8.0,1,1.0,0.5033333333333333,0.29666666666666675,0.5783664459161147,-0.07836644591611475,191,10.617317620110246,33.92542858402996,106.61240486440842,1598.6099516616591,0,False,True,False,on_time_target_only
delivery_window_plus_8.0,oracle_best_acceptance,original,8.0,1,1.0,0.6,0.20000000000000007,0.5574074074074075,-0.05740740740740746,239,23.8023190518249,102.43545476057234,134.84706173751795,2122.2222142368555,0,False,True,False,on_time_target_only
delivery_window_plus_8.0,oracle_best_on_time,original,8.0,1,1.0,0.5555555555555556,0.24444444444444446,0.562,-0.062000000000000055,219,21.75343610002874,62.05245458874953,128.0315487287205,2020.8282317013868,0,False,True,False,on_time_target_only
delivery_window_plus_8.0,tail_risk_constrained_joint_beam,original,8.0,1,1.0,0.5122222222222222,0.2877777777777778,0.5553145336225597,-0.05531453362255967,205,9.51787238865887,26.787632485716344,109.70836184457903,1609.353744879365,0,False,True,False,anchor_locked_safety_reference
delivery_window_plus_10.0,raw_baseline,original,10.0,1,1.0,0.51,0.29000000000000004,0.6078431372549019,-0.10784313725490191,180,8.688696207863707,24.787632485716344,109.48245597729198,1609.6526241973042,0,False,True,False,on_time_target_only
delivery_window_plus_10.0,v2_repair_only,original,10.0,1,1.0,0.5111111111111111,0.288888888888889,0.6260869565217392,-0.12608695652173918,172,9.200889264772522,29.865770850165376,108.04927084693364,1613.9575494229794,0,False,True,False,on_time_target_only
delivery_window_plus_10.0,oracle_best_acceptance,original,10.0,1,1.0,0.5922222222222222,0.20777777777777784,0.6135084427767354,-0.11350844277673544,206,22.022702559497,97.20793108764502,131.5462274627509,2065.2546439783105,0,False,True,False,on_time_target_only
delivery_window_plus_10.0,oracle_best_on_time,original,10.0,1,1.0,0.5711111111111111,0.22888888888888892,0.6167315175097277,-0.11673151750972766,197,21.282082977733978,60.226145660750944,133.90569257518266,2090.89115201099,0,False,True,False,on_time_target_only
delivery_window_plus_10.0,tail_risk_constrained_joint_beam,original,10.0,1,1.0,0.51,0.29000000000000004,0.6078431372549019,-0.10784313725490191,180,8.688696207863707,24.787632485716344,109.48245597729198,1609.6526241973042,0,False,True,False,anchor_locked_safety_reference
resource_count_1,raw_baseline,original,0.0,1,1.0,0.5244444444444445,0.27555555555555555,0.3241525423728814,0.17584745762711862,319,12.837166596299626,35.93654589246437,112.03286860151536,1650.194940149784,0,False,False,False,below_target
resource_count_1,v2_repair_only,original,0.0,1,1.0,0.5044444444444445,0.29555555555555557,0.3039647577092511,0.19603524229074892,316,13.033510471243794,51.748750867173094,115.02219730373844,1723.6084504143723,0,False,False,False,below_target
resource_count_1,oracle_best_acceptance,original,0.0,1,1.0,0.5788888888888889,0.22111111111111115,0.31094049904030713,0.18905950095969287,359,38.40405297126717,127.04264609392843,136.40535180728799,2227.678242094815,0,False,False,False,below_target
resource_count_1,oracle_best_on_time,original,0.0,1,1.0,0.5733333333333334,0.22666666666666668,0.34108527131782945,0.15891472868217055,340,26.524330685990908,74.60597936196625,125.60425232012611,1997.479966275394,0,False,False,False,below_target
resource_count_1,tail_risk_constrained_joint_beam,original,0.0,1,1.0,0.5244444444444445,0.27555555555555555,0.3241525423728814,0.17584745762711862,319,12.837166596299626,35.93654589246437,112.03286860151536,1650.194940149784,0,False,False,False,anchor_locked_safety_reference
resource_count_2,raw_baseline,original,0.0,2,1.0,0.5233333333333333,0.2766666666666667,0.43312101910828027,0.06687898089171973,267,8.772947855610623,24.502936276203023,129.26070172793044,2118.368284985423,0,False,False,False,below_target
resource_count_2,v2_repair_only,original,0.0,2,1.0,0.5122222222222222,0.2877777777777778,0.455531453362256,0.04446854663774402,251,9.3258970549623,27.654202195775277,127.30403554465589,2101.324746967984,0,False,False,False,below_target
resource_count_2,oracle_best_acceptance,original,0.0,2,1.0,0.5855555555555556,0.21444444444444444,0.42125237191650855,0.07874762808349145,305,14.582384409433534,46.41401839816349,141.10382617499548,2456.257016250623,0,False,False,False,below_target
resource_count_2,oracle_best_on_time,original,0.0,2,1.0,0.5533333333333333,0.2466666666666667,0.4779116465863454,0.022088353413654616,260,16.488598514169936,53.01577741019282,141.88399748322882,2455.232236610485,0,False,False,False,below_target
resource_count_2,tail_risk_constrained_joint_beam,original,0.0,2,1.0,0.5233333333333333,0.2766666666666667,0.43312101910828027,0.06687898089171973,267,8.772947855610623,24.502936276203023,129.26070172793044,2118.368284985423,0,False,False,False,anchor_locked_safety_reference
resource_count_3,raw_baseline,original,0.0,3,1.0,0.5144444444444445,0.28555555555555556,0.5075593952483801,-0.0075593952483801186,228,6.652369101642007,23.016011159182366,134.75915028151255,2343.3147889897227,0,False,True,False,on_time_target_only
resource_count_3,v2_repair_only,original,0.0,3,1.0,0.5122222222222222,0.2877777777777778,0.5292841648590022,-0.029284164859002204,217,8.0180936419785,29.824717268071353,134.11076382878278,2375.300751104951,0,False,True,False,on_time_target_only
resource_count_3,oracle_best_acceptance,original,0.0,3,1.0,0.6044444444444445,0.1955555555555556,0.49080882352941174,0.009191176470588258,277,11.485710360192028,41.62230254068694,156.0395632046091,2863.940765030682,0,False,False,False,below_target
resource_count_3,oracle_best_on_time,original,0.0,3,1.0,0.5477777777777778,0.25222222222222224,0.5578093306288032,-0.057809330628803224,218,12.609474568334882,41.8379467180463,150.39582125391155,2688.8244003280997,0,False,True,False,on_time_target_only
resource_count_3,tail_risk_constrained_joint_beam,original,0.0,3,1.0,0.5144444444444445,0.28555555555555556,0.5075593952483801,-0.0075593952483801186,228,6.652369101642007,23.016011159182366,134.75915028151255,2343.3147889897227,0,False,True,False,anchor_locked_safety_reference
resource_count_4,raw_baseline,original,0.0,4,1.0,0.52,0.28,0.5833333333333334,-0.08333333333333337,195,6.136051113915219,18.849369853412405,142.5754490993103,2514.241100870073,0,False,True,False,on_time_target_only
resource_count_4,v2_repair_only,original,0.0,4,1.0,0.5266666666666666,0.27333333333333343,0.5907172995780591,-0.09071729957805907,194,6.448056923787963,20.368561335496835,143.25067700057645,2558.1463084742427,0,False,True,False,on_time_target_only
resource_count_4,oracle_best_acceptance,original,0.0,4,1.0,0.5877777777777777,0.2122222222222223,0.5500945179584121,-0.05009451795841213,238,9.5109779824974,31.620355832003327,149.6998799658435,2838.9245427772403,0,False,True,False,on_time_target_only
resource_count_4,oracle_best_on_time,original,0.0,4,1.0,0.5644444444444444,0.23555555555555563,0.5984251968503937,-0.09842519685039375,204,10.162795686553942,38.44972845531028,162.8671374826049,2982.714444130659,0,False,True,False,on_time_target_only
resource_count_4,tail_risk_constrained_joint_beam,original,0.0,4,1.0,0.52,0.28,0.5833333333333334,-0.08333333333333337,195,6.136051113915219,18.849369853412405,142.5754490993103,2514.241100870073,0,False,True,False,anchor_locked_safety_reference
resource_count_5,raw_baseline,original,0.0,5,1.0,0.5244444444444445,0.27555555555555555,0.614406779661017,-0.11440677966101698,182,5.7019964801585425,27.35454596736929,142.17370654487064,2624.392169870436,0,False,True,False,on_time_target_only
resource_count_5,v2_repair_only,original,0.0,5,1.0,0.53,0.27,0.6121593291404612,-0.11215932914046123,185,5.809515849397745,25.09315709632955,143.76382786419205,2658.85210826993,0,False,True,False,on_time_target_only
resource_count_5,oracle_best_acceptance,original,0.0,5,1.0,0.5866666666666667,0.21333333333333337,0.5814393939393939,-0.08143939393939392,221,7.957796671503176,35.48645407029979,156.61313824970364,3008.243883536888,0,False,True,False,on_time_target_only
resource_count_5,oracle_best_on_time,original,0.0,5,1.0,0.57,0.2300000000000001,0.6120857699805068,-0.11208576998050679,199,8.496193221317597,36.1312610666379,162.08963351983368,3054.2651656733283,0,False,True,False,on_time_target_only
resource_count_5,tail_risk_constrained_joint_beam,original,0.0,5,1.0,0.5244444444444445,0.27555555555555555,0.614406779661017,-0.11440677966101698,182,5.7019964801585425,27.35454596736929,142.17370654487064,2624.392169870436,0,False,True,False,anchor_locked_safety_reference
combined_A,raw_baseline,3.0,2.0,1,1.0,0.5722222222222222,0.22777777777777786,0.4116504854368932,0.0883495145631068,303,12.553726687067304,34.5293318296148,116.69959208358762,1693.7580102160573,0,False,False,False,below_target
combined_A,v2_repair_only,3.0,2.0,1,1.0,0.5688888888888889,0.23111111111111116,0.4296875,0.0703125,292,12.859785558933462,35.64739416889843,120.55147684462749,1756.6672151137382,0,False,False,False,below_target
combined_A,oracle_best_acceptance,3.0,2.0,1,1.0,0.8688888888888889,-0.06888888888888889,0.33631713554987214,0.16368286445012786,519,65.83005497003074,190.03406215719113,235.74496231163633,3769.28374605043,0,True,False,False,acceptance_target_only
combined_A,oracle_best_on_time,3.0,2.0,1,1.0,0.8344444444444444,-0.03444444444444439,0.3195739014647137,0.1804260985352863,511,35.163111089898194,115.7924633680176,193.54422214975224,2776.22939286381,0,True,False,False,acceptance_target_only
combined_A,tail_risk_constrained_joint_beam,3.0,2.0,1,1.0,0.5722222222222222,0.22777777777777786,0.4116504854368932,0.0883495145631068,303,12.553726687067304,34.5293318296148,116.69959208358762,1693.7580102160573,0,False,False,False,anchor_locked_safety_reference
combined_B,raw_baseline,5.0,3.0,1,1.0,0.5933333333333334,0.20666666666666667,0.4419475655430712,0.058052434456928814,298,13.045624695346303,35.788575836254935,124.24196201258962,1773.3875885398515,0,False,False,False,below_target
combined_B,v2_repair_only,5.0,3.0,1,1.0,0.5977777777777777,0.2022222222222223,0.4628252788104089,0.03717472118959109,289,13.082350357258518,49.518330304350926,125.74705703835794,1810.1275599200517,0,False,False,False,below_target
combined_B,oracle_best_acceptance,5.0,3.0,1,1.0,0.9788888888888889,-0.17888888888888888,0.3507377979568672,0.14926220204313279,572,76.25083588802882,199.06622551514116,275.3929986147181,4408.815595255925,0,True,False,False,acceptance_target_only
combined_B,oracle_best_on_time,5.0,3.0,1,1.0,0.9533333333333334,-0.15333333333333332,0.3275058275058275,0.17249417249417248,577,39.188877364777134,137.57063518170818,228.05381261680813,3213.7055983021855,0,True,False,False,acceptance_target_only
combined_B,tail_risk_constrained_joint_beam,5.0,3.0,1,1.0,0.5933333333333334,0.20666666666666667,0.4419475655430712,0.058052434456928814,298,13.045624695346303,35.788575836254935,124.24196201258962,1773.3875885398515,0,False,False,False,anchor_locked_safety_reference
combined_C,raw_baseline,3.0,2.0,2,1.0,0.5766666666666667,0.22333333333333338,0.5240847784200385,-0.024084778420038533,247,8.712335961938855,32.983988419097614,137.67165606908011,2241.1888344064355,0,False,True,False,on_time_target_only
combined_C,v2_repair_only,3.0,2.0,2,1.0,0.5644444444444444,0.23555555555555563,0.547244094488189,-0.047244094488189003,230,9.582290886294757,25.515590542970344,136.22677238229855,2238.129590603973,0,False,True,False,on_time_target_only
combined_C,oracle_best_acceptance,3.0,2.0,2,1.0,0.8488888888888889,-0.04888888888888887,0.4816753926701571,0.018324607329842924,396,19.49101089491442,72.53586748175968,194.56643937489926,3304.0305809113042,0,True,False,False,acceptance_target_only
combined_C,oracle_best_on_time,3.0,2.0,2,1.0,0.7555555555555555,0.04444444444444451,0.5161764705882353,-0.016176470588235348,329,21.06098427501755,60.84687098443578,197.5128345326752,3307.0167354287037,0,False,True,False,on_time_target_only
combined_C,tail_risk_constrained_joint_beam,3.0,2.0,2,1.0,0.5766666666666667,0.22333333333333338,0.5240847784200385,-0.024084778420038533,247,8.712335961938855,32.983988419097614,137.67165606908011,2241.1888344064355,0,False,True,False,anchor_locked_safety_reference
combined_D,raw_baseline,5.0,3.0,2,1.0,0.6088888888888889,0.19111111111111112,0.5547445255474452,-0.054744525547445244,244,8.23882831838711,24.69493478697403,142.81255485615193,2304.4691734048383,0,False,True,False,on_time_target_only
combined_D,v2_repair_only,5.0,3.0,2,1.0,0.5855555555555556,0.21444444444444444,0.5901328273244781,-0.09013282732447814,216,8.454893637358763,25.640609514088666,137.50752669063175,2238.7132397119194,0,False,True,False,on_time_target_only
combined_D,oracle_best_acceptance,5.0,3.0,2,1.0,0.9555555555555556,-0.15555555555555556,0.49883720930232556,0.0011627906976744429,431,20.840010113445974,63.5156147783552,220.05753935275442,3610.007926340665,0,True,False,False,acceptance_target_only
combined_D,oracle_best_on_time,5.0,3.0,2,1.0,0.9122222222222223,-0.11222222222222222,0.5334957369062119,-0.03349573690621188,383,23.334708845573374,66.11044801620857,230.72079292049054,3706.135461063815,0,True,True,True,reaches_80_50_with_zero_hard_violations
combined_D,tail_risk_constrained_joint_beam,5.0,3.0,2,1.0,0.6088888888888889,0.19111111111111112,0.5547445255474452,-0.054744525547445244,244,8.23882831838711,24.69493478697403,142.81255485615193,2304.4691734048383,0,False,True,False,anchor_locked_safety_reference
combined_E,raw_baseline,5.0,4.0,3,1.0,0.5933333333333334,0.20666666666666667,0.7172284644194756,-0.21722846441947563,151,6.41504364979695,19.877483122758083,142.01127598914292,2445.363162524998,0,False,True,False,on_time_target_only
combined_E,v2_repair_only,5.0,4.0,3,1.0,0.6144444444444445,0.18555555555555558,0.7197106690777577,-0.21971066907775771,155,6.67834870310739,22.948739723871377,151.1206978510557,2597.0972614511847,0,False,True,False,on_time_target_only
combined_E,oracle_best_acceptance,5.0,4.0,3,1.0,0.9155555555555556,-0.11555555555555552,0.6055825242718447,-0.10558252427184467,325,14.385491992941875,45.85720497113153,233.41824820582679,4065.119323836399,0,True,True,True,reaches_80_50_with_zero_hard_violations
combined_E,oracle_best_on_time,5.0,4.0,3,1.0,0.8866666666666667,-0.08666666666666667,0.6516290726817042,-0.15162907268170422,278,15.17038445889272,53.21341301863219,242.99904133672084,4123.810527808964,0,True,True,True,reaches_80_50_with_zero_hard_violations
combined_E,tail_risk_constrained_joint_beam,5.0,4.0,3,1.0,0.5933333333333334,0.20666666666666667,0.7172284644194756,-0.21722846441947563,151,6.41504364979695,19.877483122758083,142.01127598914292,2445.363162524998,0,False,True,False,anchor_locked_safety_reference
combined_F,raw_baseline,8.0,5.0,2,1.0,0.6322222222222222,0.1677777777777778,0.6344463971880492,-0.13444639718804918,208,8.280243298885233,28.579150649615983,143.01437532154603,2307.7989435021072,0,False,True,False,on_time_target_only
combined_F,v2_repair_only,8.0,5.0,2,1.0,0.6377777777777778,0.16222222222222227,0.6777003484320557,-0.17770034843205573,185,8.887834086745999,38.73350213563727,148.54393898434245,2371.3959758777405,0,False,True,False,on_time_target_only
combined_F,oracle_best_acceptance,8.0,5.0,2,1.0,0.9944444444444445,-0.19444444444444442,0.5642458100558659,-0.06424581005586594,390,21.86450547693471,68.45627556027901,231.54545410697438,3825.2982816670324,0,True,True,True,reaches_80_50_with_zero_hard_violations
combined_F,oracle_best_on_time,8.0,5.0,2,1.0,0.9866666666666667,-0.18666666666666665,0.5686936936936937,-0.06869369369369371,383,23.051255023364035,71.80611366674974,240.70908307719967,3847.331343937184,0,True,True,True,reaches_80_50_with_zero_hard_violations
combined_F,tail_risk_constrained_joint_beam,8.0,5.0,2,1.0,0.6322222222222222,0.1677777777777778,0.6344463971880492,-0.13444639718804918,208,8.280243298885233,28.579150649615983,143.01437532154603,2307.7989435021072,0,False,True,False,anchor_locked_safety_reference
combined_G,raw_baseline,8.0,5.0,3,1.0,0.6233333333333333,0.17666666666666675,0.7344028520499108,-0.23440285204991085,149,6.777404844341815,20.399943002734823,152.35615209134247,2614.3586644323,0,False,True,False,on_time_target_only
combined_G,v2_repair_only,8.0,5.0,3,1.0,0.6211111111111111,0.17888888888888899,0.7459749552772809,-0.24597495527728086,142,6.739793172073961,21.268877668741297,153.32253341408463,2629.978526569903,0,False,True,False,on_time_target_only
combined_G,oracle_best_acceptance,8.0,5.0,3,1.0,0.98,-0.17999999999999994,0.6145124716553289,-0.11451247165532885,340,15.155435124924319,52.41374963092093,253.2414471044843,4387.119879594973,0,True,True,True,reaches_80_50_with_zero_hard_violations
combined_G,oracle_best_on_time,8.0,5.0,3,1.0,0.9711111111111111,-0.1711111111111111,0.6395881006864989,-0.13958810068649885,315,16.973355059939376,52.52256837508741,271.7694068847291,4602.500504458083,0,True,True,True,reaches_80_50_with_zero_hard_violations
combined_G,tail_risk_constrained_joint_beam,8.0,5.0,3,1.0,0.6233333333333333,0.17666666666666675,0.7344028520499108,-0.23440285204991085,149,6.777404844341815,20.399943002734823,152.35615209134247,2614.3586644323,0,False,True,False,anchor_locked_safety_reference
order_density_original,raw_baseline,original,0.0,1,1.0,0.5244444444444445,0.27555555555555555,0.3241525423728814,0.17584745762711862,319,12.837166596299626,35.93654589246437,112.03286860151536,1650.194940149784,0,False,False,False,below_target
order_density_original,v2_repair_only,original,0.0,1,1.0,0.5044444444444445,0.29555555555555557,0.3039647577092511,0.19603524229074892,316,13.033510471243794,51.748750867173094,115.02219730373844,1723.6084504143723,0,False,False,False,below_target
order_density_original,oracle_best_acceptance,original,0.0,1,1.0,0.5788888888888889,0.22111111111111115,0.31094049904030713,0.18905950095969287,359,40.524170269169396,127.04264609392843,142.50251200820267,2323.460461206734,0,False,False,False,below_target
order_density_original,oracle_best_on_time,original,0.0,1,1.0,0.5733333333333334,0.22666666666666668,0.34108527131782945,0.15891472868217055,340,26.524330685990908,74.60597936196625,125.60425232012611,1997.479966275394,0,False,False,False,below_target
order_density_original,tail_risk_constrained_joint_beam,original,0.0,1,1.0,0.5244444444444445,0.27555555555555555,0.3241525423728814,0.17584745762711862,319,12.837166596299626,35.93654589246437,112.03286860151536,1650.194940149784,0,False,False,False,anchor_locked_safety_reference
order_density_90pct,raw_baseline,original,0.0,1,0.9,0.5296296296296297,0.27037037037037037,0.32867132867132864,0.17132867132867136,288,13.211439001798063,37.72614153404195,105.16101389437522,1566.0295174734124,0,False,False,False,below_target
order_density_90pct,v2_repair_only,original,0.0,1,0.9,0.5296296296296297,0.27037037037037037,0.32867132867132864,0.17132867132867136,288,13.345523021166246,52.75564171434131,108.81290365878189,1647.9791039037366,0,False,False,False,below_target
order_density_90pct,oracle_best_acceptance,original,0.0,1,0.9,0.6185185185185185,0.18148148148148158,0.3213572854291417,0.17864271457085829,340,34.207088329172336,105.71702241120889,134.06214683395496,2193.159635320306,0,False,False,False,below_target
order_density_90pct,oracle_best_on_time,original,0.0,1,0.9,0.6024691358024692,0.19753086419753085,0.35655737704918034,0.14344262295081966,314,26.58158444111991,88.1801603492953,124.25258597622056,2004.806226246059,0,False,False,False,below_target
order_density_90pct,tail_risk_constrained_joint_beam,original,0.0,1,0.9,0.5296296296296297,0.27037037037037037,0.32867132867132864,0.17132867132867136,288,13.211439001798063,37.72614153404195,105.16101389437522,1566.0295174734124,0,False,False,False,anchor_locked_safety_reference
order_density_80pct,raw_baseline,original,0.0,1,0.8,0.5027777777777778,0.2972222222222223,0.35359116022099446,0.14640883977900554,234,12.944205285697409,33.793172258582764,93.72339299484689,1451.3029200748929,0,False,False,False,below_target
order_density_80pct,v2_repair_only,original,0.0,1,0.8,0.5166666666666667,0.2833333333333333,0.3629032258064516,0.13709677419354838,237,13.448448139083379,37.604670931543126,96.94360206158485,1496.022930209735,0,False,False,False,below_target
order_density_80pct,oracle_best_acceptance,original,0.0,1,0.8,0.5763888888888888,0.2236111111111112,0.344578313253012,0.15542168674698797,272,23.16978880008986,74.1877270341828,102.2866759479906,1721.6130145192146,0,False,False,False,below_target
order_density_80pct,oracle_best_on_time,original,0.0,1,0.8,0.5736111111111111,0.22638888888888897,0.4188861985472155,0.08111380145278452,240,25.130594408444917,77.35543660362949,102.47968295370613,1700.2047277241945,0,False,False,False,below_target
order_density_80pct,tail_risk_constrained_joint_beam,original,0.0,1,0.8,0.5027777777777778,0.2972222222222223,0.35359116022099446,0.14640883977900554,234,12.944205285697409,33.793172258582764,93.72339299484689,1451.3029200748929,0,False,False,False,anchor_locked_safety_reference
order_density_70pct,raw_baseline,original,0.0,1,0.7,0.49047619047619045,0.3095238095238096,0.3786407766990291,0.12135922330097088,192,10.717549540835028,31.146988425476962,86.06887007309462,1337.1987974643707,0,False,False,False,below_target
order_density_70pct,v2_repair_only,original,0.0,1,0.7,0.48253968253968255,0.3174603174603175,0.3980263157894737,0.10197368421052633,183,11.253975502743325,37.53170477326243,81.78565753444838,1310.157416241003,0,False,False,False,below_target
order_density_70pct,oracle_best_acceptance,original,0.0,1,0.7,0.5936507936507937,0.2063492063492064,0.39037433155080214,0.10962566844919786,228,20.441383479769087,71.10869636559467,92.70561679154673,1586.0952408090234,0,False,False,False,below_target
order_density_70pct,oracle_best_on_time,original,0.0,1,0.7,0.5349206349206349,0.26507936507936514,0.42136498516320475,0.07863501483679525,195,20.676883755692515,66.83818092543291,86.46171601550391,1483.078597793115,0,False,False,False,below_target
order_density_70pct,tail_risk_constrained_joint_beam,original,0.0,1,0.7,0.49047619047619045,0.3095238095238096,0.3786407766990291,0.12135922330097088,192,10.717549540835028,31.146988425476962,86.06887007309462,1337.1987974643707,0,False,False,False,anchor_locked_safety_reference
order_density_60pct,raw_baseline,original,0.0,1,0.6,0.5111111111111111,0.288888888888889,0.4057971014492754,0.09420289855072461,164,10.135940942045076,29.18109296752617,72.71442506633866,1191.0134384781122,0,False,False,False,below_target
order_density_60pct,v2_repair_only,original,0.0,1,0.6,0.5055555555555555,0.2944444444444445,0.42124542124542125,0.07875457875457875,158,10.950327280893019,32.285736157646745,73.06457244298547,1189.3579303622246,0,False,False,False,below_target
order_density_60pct,oracle_best_acceptance,original,0.0,1,0.6,0.6037037037037037,0.1962962962962963,0.36809815950920244,0.13190184049079756,206,18.45951910609457,66.3423570297459,85.50921404169236,1454.1599759459496,0,False,False,False,below_target
order_density_60pct,oracle_best_on_time,original,0.0,1,0.6,0.5407407407407407,0.2592592592592593,0.4315068493150685,0.0684931506849315,166,17.792146407512057,54.23194403033638,78.09430773708777,1358.1236808598042,0,False,False,False,below_target
order_density_60pct,tail_risk_constrained_joint_beam,original,0.0,1,0.6,0.5111111111111111,0.288888888888889,0.4057971014492754,0.09420289855072461,164,10.135940942045076,29.18109296752617,72.71442506633866,1191.0134384781122,0,False,False,False,anchor_locked_safety_reference
order_density_50pct,raw_baseline,original,0.0,1,0.5,0.5622222222222222,0.23777777777777787,0.43478260869565216,0.06521739130434784,143,10.490984514502824,31.649633808770005,70.10964247530453,1164.8641097561845,0,False,False,False,below_target
order_density_50pct,v2_repair_only,original,0.0,1,0.5,0.5422222222222223,0.2577777777777778,0.4385245901639344,0.061475409836065587,137,10.94852101671039,42.67402337378542,70.20446818649124,1178.6301257030495,0,False,False,False,below_target
order_density_50pct,oracle_best_acceptance,original,0.0,1,0.5,0.6355555555555555,0.1644444444444445,0.40559440559440557,0.09440559440559443,170,16.79977933186702,61.326256332160995,78.66144228906796,1381.5118018090725,0,False,False,False,below_target
order_density_50pct,oracle_best_on_time,original,0.0,1,0.5,0.5866666666666667,0.21333333333333337,0.4431818181818182,0.05681818181818182,147,17.456079340385106,62.00364583503094,76.87692918237664,1337.554840029908,0,False,False,False,below_target
order_density_50pct,tail_risk_constrained_joint_beam,original,0.0,1,0.5,0.5622222222222222,0.23777777777777787,0.43478260869565216,0.06521739130434784,143,10.490984514502824,31.649633808770005,70.10964247530453,1164.8641097561845,0,False,False,False,anchor_locked_safety_reference
