scenario,model_tag,method,method_label,seeds,accept_rate_mean,accept_rate_std,reject_rate_mean,reject_rate_std,on_time_rate_mean,on_time_rate_std,avg_lateness_mean,avg_lateness_std,total_revenue_mean,total_revenue_std,total_energy_mean,total_energy_std
ablate_no_accept_reject,main,heuristic,Heuristic,3,0.0,0.0,0.0,0.0,0.03433333337306976,0.0007200835675040158,52.14911905924479,0.6281403365825142,33.94407653808594,0.6041144477250731,13.535213788350424,0.18247369540690672
ablate_no_accept_reject,main,local_search_truck,Truck Local Search,3,0.0,0.0,0.0,0.0,0.18966665863990784,0.00518543213941657,20.383867899576824,0.4378330179994232,33.94407653808594,0.6041144477250731,4.833657264709473,0.14307025801216933
ablate_no_accept_reject,main,model,HGAT-POMO,3,0.0,0.0,0.0,0.0,0.24955556293328604,0.0015475960091384828,14.06898021697998,0.2857773359893683,33.94407653808594,0.6041144477250731,6.45718240737915,0.12149888326773275
ablate_no_accept_reject,main,profit_accept,Profit Accept,3,0.0,0.0,0.0,0.0,0.03455555438995361,0.0006285385860228346,52.2010866800944,0.4862126636831454,33.94407653808594,0.6041144477250731,13.475249608357748,0.11059774194013541
ablate_no_accept_reject,main,random,Random,3,0.0,0.0,0.0,0.0,0.09255557010571162,0.0023778872876009213,49.0225575764974,0.39436649258488177,33.94407653808594,0.6041144477250731,13.02188491821289,0.10433284039398914
ablate_no_accept_reject,main,truck_only,Truck Only,3,0.0,0.0,0.0,0.0,0.23288889229297638,0.0021998758314503695,16.901926040649414,0.22320352550150202,33.94407653808594,0.6041144477250731,4.042182366053264,0.10352540642649831
ablate_no_pickup_capacity,main,heuristic,Heuristic,3,0.0006666667177341878,0.0005443310956482738,0.9993333419164022,0.0005443159349219753,0.07278268039226532,0.0049688257756495225,24.877757390340168,0.7775263248119793,15.520495414733887,0.4178518810099923,5.279598553975423,0.04822376229862342
ablate_no_pickup_capacity,main,local_search_truck,Truck Local Search,3,0.024444447209437687,0.004878779098630419,0.9755555589993795,0.004878775846388152,0.1857376346985499,0.0009621523157729178,14.63291104634603,0.02123906995911523,15.976734479268393,0.34468404319443113,1.9331437746683757,0.019164909555166195
ablate_no_pickup_capacity,main,model,HGAT-POMO,3,0.002888888993766159,0.0026851213693609858,0.9971111218134562,0.0026851223842795906,0.2918406625588735,0.005442875101694811,9.084559122721354,0.0754465328952113,15.557330449422201,0.48093778862581343,3.1240511735280356,0.018355338814624762
ablate_no_pickup_capacity,main,profit_accept,Profit Accept,3,0.00022222223924472928,0.0003142697046008148,0.9997777740160624,0.00031427500039623316,0.07373611132303874,0.003441362938660811,24.51716423034668,0.6975993448037452,15.506689389546713,0.41697117934729155,5.263787587483724,0.03356998072336707
ablate_no_pickup_capacity,main,random,Random,3,0.0068888890867431956,0.0012570789281606772,0.9931110938390096,0.0012570859528709415,0.1328989639878273,0.010871629369570751,23.221747080485027,0.5934559418660901,15.627829551696777,0.45120893290451874,5.039041360219319,0.10147071353024777
ablate_no_pickup_capacity,main,truck_only,Truck Only,3,0.02266666789849599,0.002494440326095839,0.9773333668708801,0.0024944326929822722,0.2275469700495402,0.001868120862652325,12.617654800415039,0.21694357029743,15.923807144165039,0.4335482613606631,1.6369322141011555,0.018868561495600133
ablate_no_time_traffic,main,heuristic,Heuristic,3,0.003333333491658171,0.0009428090863630899,0.996666669845581,0.0009428250011886995,0.08671977122624715,0.004676299979943642,23.806585947672527,0.8708294148136192,15.573485692342123,0.4148331946680938,6.37937068939209,0.073646992064921
ablate_no_time_traffic,main,local_search_truck,Truck Local Search,3,0.07844444364309311,0.00886663890321513,0.9215556383132935,0.008866632554330438,0.2250417321920395,0.002728773062939008,12.965387344360352,0.12843273144881825,16.99156379699707,0.3801238425435235,2.5420732498168945,0.04844294859138
ablate_no_time_traffic,main,model,HGAT-POMO,3,0.02399999958773454,0.0016329926691022508,0.9760000507036845,0.0016329964712711142,0.32153764367103577,0.009345176463553739,8.476868947347006,0.20105794450946832,15.943159739176432,0.4613607451723373,3.6209566593170166,0.03403191502046143
ablate_no_time_traffic,main,profit_accept,Profit Accept,3,0.0024444446122894683,0.0015713484955647194,0.9975555737813314,0.0015713750019811657,0.08597385386625926,0.0014006428314264606,23.485136032104492,0.6122330961459675,15.571357727050781,0.4511483814222549,6.380246003468831,0.0864101433407906
ablate_no_time_traffic,main,random,Random,3,0.007777778276552756,0.0024545248760720426,0.9922222097714742,0.00245451765283338,0.15454439322153726,0.0031086264321015834,22.083049138387043,0.05259840866241424,15.638615290323893,0.4007489471870368,5.993835926055908,0.032061260543549464
ablate_no_time_traffic,main,truck_only,Truck Only,3,0.065111110607783,0.0033259182222927825,0.9348888993263245,0.003325915567608798,0.2714242736498515,0.009216420784489454,11.421556154886881,0.21535419733828784,16.737403869628906,0.4077343206758608,2.267150084177653,0.042534790651228636
full_backup,backup,heuristic,Heuristic,3,0.0015555556553105514,0.0011331155266528516,0.9984444578488668,0.0011331073532025201,0.07186601310968399,0.0037168615250419913,25.004964192708332,0.8434967702205532,15.54471492767334,0.4339672363827869,6.420657475789388,0.06252604382179142
full_backup,backup,local_search_truck,Truck Local Search,3,0.07711111009120941,0.010246351259146589,0.9228889147440592,0.010246341671678101,0.1991885999838511,0.006148914442005351,13.619523048400879,0.08573733868415434,17.00929005940755,0.2989903586421735,2.5284996827443442,0.031805183761049634
full_backup,backup,model,HGAT-POMO,3,0.029555556053916614,0.0059958842982155815,0.9704445004463196,0.005995864094234546,0.2960408627986908,0.009232312692716252,8.89415709177653,0.10705132320374902,16.04228115081787,0.5310843447465031,3.5455667972564697,0.045829799361748816
full_backup,backup,profit_accept,Profit Accept,3,0.0008888889569789171,0.0003142697046008148,0.9991111159324646,0.0003142469024972259,0.07261111090580623,0.0032944518753106173,24.72433853149414,0.7145166350365141,15.523428599039713,0.43297500903911484,6.407563050587972,0.06607943600994248
full_backup,backup,random,Random,3,0.012000000414748987,0.0035694176023593938,0.9879999955495199,0.0035693776530609923,0.13707361121972403,0.00029500834473859686,22.929543177286785,0.716338377945465,15.721126556396484,0.38716007441399475,6.021422863006592,0.11606659170875674
full_backup,backup,truck_only,Truck Only,3,0.054666669418414436,0.00845029028976591,0.9453333616256714,0.008450287644684133,0.24497615297635397,0.004138860762679315,12.067843755086264,0.18795860446474186,16.46616045633952,0.20033770603517043,2.2386844158172607,0.037183063485056074
full_main,main,heuristic,Heuristic,3,0.0015555556553105514,0.0011331155266528516,0.9984444578488668,0.0011331073532025201,0.07186601310968399,0.0037168615250419913,25.004964192708332,0.8434967702205532,15.54471492767334,0.4339672363827869,6.420657475789388,0.06252604382179142
full_main,main,local_search_truck,Truck Local Search,3,0.07711111009120941,0.010246351259146589,0.9228889147440592,0.010246341671678101,0.1991885999838511,0.006148914442005351,13.619523048400879,0.08573733868415434,17.00929005940755,0.2989903586421735,2.5284996827443442,0.031805183761049634
full_main,main,model,HGAT-POMO,3,0.02111111208796501,0.002266231022864629,0.9788889288902283,0.0022662419817175553,0.3033172885576884,0.002720386191217936,8.972997029622396,0.12393645404384646,15.875259399414062,0.4005760350728802,3.6543525060017905,0.055684687198479785
full_main,main,profit_accept,Profit Accept,3,0.0008888889569789171,0.0003142697046008148,0.9991111159324646,0.0003142469024972259,0.07261111090580623,0.0032944518753106173,24.72433853149414,0.7145166350365141,15.523428599039713,0.43297500903911484,6.407563050587972,0.06607943600994248
full_main,main,random,Random,3,0.014222223001221815,0.001911628114372837,0.9857777754465739,0.0019116116943293578,0.14019261300563812,0.006286423224536089,23.207626342773438,0.28651808517044913,15.793689727783203,0.4759839628865245,6.089242935180664,0.08668943277657121
full_main,main,truck_only,Truck Only,3,0.054666669418414436,0.00845029028976591,0.9453333616256714,0.008450287644684133,0.24497615297635397,0.004138860762679315,12.067843755086264,0.18795860446474186,16.46616045633952,0.20033770603517043,2.2386844158172607,0.037183063485056074
